
INSERT INTO [Författare] VALUES (1, 'Andy', 'McNab', '1959-12-28')
INSERT INTO [Författare] VALUES (2, 'Tom', 'Clancy', '1947-04-12')
INSERT INTO [Författare] VALUES (3, 'George', 'R.R. Martin', '1948-08-20')
INSERT INTO [Författare] VALUES (4, 'Aurélien', 'Géron', '1978-03-24')
INSERT INTO [Författare] VALUES (5, 'Andreas', 'Lindholm', '1979-01-22')
INSERT INTO [Författare] VALUES (6, 'Niklas', 'Wahlström', '1980-02-13')
INSERT INTO [Författare] VALUES (7, 'Fredrik', 'Lindsten', '1981-03-14')
INSERT INTO [Författare] VALUES (8, 'Thomas', 'B. Schön', '1982-04-15')

INSERT INTO [BöckerOchFörfattare] VALUES (9780440218807, 1)
INSERT INTO [BöckerOchFörfattare] VALUES (9780552168984, 1)
INSERT INTO [BöckerOchFörfattare] VALUES (9780552171069, 1)
INSERT INTO [BöckerOchFörfattare] VALUES (9780006174554, 2)
INSERT INTO [BöckerOchFörfattare] VALUES (9780425191187, 2)
INSERT INTO [BöckerOchFörfattare] VALUES (9780425240335, 2)
INSERT INTO [BöckerOchFörfattare] VALUES (9781408727836, 2)
INSERT INTO [BöckerOchFörfattare] VALUES (9780007448036, 3)
INSERT INTO [BöckerOchFörfattare] VALUES (9780006479895, 3)
INSERT INTO [BöckerOchFörfattare] VALUES (9780007447848, 3)
INSERT INTO [BöckerOchFörfattare] VALUES (9780007447862, 3)
INSERT INTO [BöckerOchFörfattare] VALUES (9781098125974, 4)
INSERT INTO [BöckerOchFörfattare] VALUES (9781108843607, 5)
INSERT INTO [BöckerOchFörfattare] VALUES (9781108843607, 6)
INSERT INTO [BöckerOchFörfattare] VALUES (9781108843607, 7)
INSERT INTO [BöckerOchFörfattare] VALUES (9781108843607, 8)

INSERT INTO [Böcker] VALUES (9780440218807, 'Bravo Two Zero', 'Engelska', 134, '1994-08-01')
INSERT INTO [Böcker] VALUES (9780552168984, 'Today Everything Changes', 'Engelska', 77, '2013-01-31')
INSERT INTO [Böcker] VALUES (9780552171069, 'The Good Psychopath''s Guide to Success', 'Engelska', 119, '2015-02-12')
INSERT INTO [Böcker] VALUES (9780006174554, 'Patriot Games', 'Engelska', 183, '1992-08-20')
INSERT INTO [Böcker] VALUES (9780425191187, 'Red Rabbit', 'Engelska', 189, '2003-07-29')
INSERT INTO [Böcker] VALUES (9780425240335, 'The Hunt for Red October', 'Engelska', 137, '2010-08-07')
INSERT INTO [Böcker] VALUES (9781408727836, 'Tom Clancy Red Winter', 'Engelska', 143, '2023-09-14')
INSERT INTO [Böcker] VALUES (9780007448036, 'A Game Of Thrones', 'Engelska', 112, '2011-08-01')
INSERT INTO [Böcker] VALUES (9780006479895, 'A Clash Of Kings', 'Engelska', 82, '2011-08-01')
INSERT INTO [Böcker] VALUES (9780007447848, 'A Storm Of Swords', 'Engelska', 105, '2011-08-01')
INSERT INTO [Böcker] VALUES (9780007447862, 'A Feast For Crows', 'Engelska', 111, '2011-08-01')
INSERT INTO [Böcker] VALUES (9781098125974, 'Hands-On Machine Learning with Scikit-Learn, Keras, and TensorFlow', 'Engelska', 854, '2022-10-31')
INSERT INTO [Böcker] VALUES (9781108843607, 'Machine Learning', 'Engelska', 697, '2022-03-31')

INSERT INTO Butiker VALUES (001, 'Bookstore', 'Gatan 1', 'Stockholm')
INSERT INTO Butiker VALUES (002, 'BokAffären', 'Bokgatan 2', 'Göteborg')
INSERT INTO Butiker VALUES (003, 'Affären med böcker', 'Gatan i mölmö 3', 'Malmö')

INSERT INTO LagerSaldo VALUES (001, 9780440218807, 10)
INSERT INTO LagerSaldo VALUES (001, 9780552168984, 8)
INSERT INTO LagerSaldo VALUES (001, 9780552171069, 7)
INSERT INTO LagerSaldo VALUES (001, 9780006174554, 4)   
INSERT INTO LagerSaldo VALUES (001, 9780425191187, 11)
INSERT INTO LagerSaldo VALUES (001, 9780425240335, 12)
INSERT INTO LagerSaldo VALUES (001, 9781408727836, 4)
INSERT INTO LagerSaldo VALUES (001, 9780007448036, 9)
INSERT INTO LagerSaldo VALUES (001, 9780006479895, 4)
INSERT INTO LagerSaldo VALUES (001, 9780007447848, 2)
INSERT INTO LagerSaldo VALUES (001, 9780007447862, 9)
INSERT INTO LagerSaldo VALUES (001, 9781098125974, 14)
INSERT INTO LagerSaldo VALUES (001, 9781108843607, 10)
INSERT INTO LagerSaldo VALUES (002, 9780440218807, 5)
INSERT INTO LagerSaldo VALUES (002, 9780552168984, 7)
INSERT INTO LagerSaldo VALUES (002, 9780552171069, 2)
INSERT INTO LagerSaldo VALUES (002, 9780006174554, 7)
INSERT INTO LagerSaldo VALUES (002, 9780425191187, 21)
INSERT INTO LagerSaldo VALUES (002, 9780425240335, 8)
INSERT INTO LagerSaldo VALUES (002, 9781408727836, 2)
INSERT INTO LagerSaldo VALUES (002, 9780007448036, 0)
INSERT INTO LagerSaldo VALUES (002, 9780006479895, 3)
INSERT INTO LagerSaldo VALUES (002, 9780007447848, 2)
INSERT INTO LagerSaldo VALUES (002, 9780007447862, 1)
INSERT INTO LagerSaldo VALUES (002, 9781098125974, 5)
INSERT INTO LagerSaldo VALUES (002, 9781108843607, 10)
INSERT INTO LagerSaldo VALUES (003, 9780440218807, 1)
INSERT INTO LagerSaldo VALUES (003, 9780552168984, 2)
INSERT INTO LagerSaldo VALUES (003, 9780552171069, 1)
INSERT INTO LagerSaldo VALUES (003, 9780006174554, 0)
INSERT INTO LagerSaldo VALUES (003, 9780425191187, 1)
INSERT INTO LagerSaldo VALUES (003, 9780425240335, 3)
INSERT INTO LagerSaldo VALUES (003, 9781408727836, 0)
INSERT INTO LagerSaldo VALUES (003, 9780007448036, 0)
INSERT INTO LagerSaldo VALUES (003, 9780006479895, 3)
INSERT INTO LagerSaldo VALUES (003, 9780007447848, 4)
INSERT INTO LagerSaldo VALUES (003, 9780007447862, 6)
INSERT INTO LagerSaldo VALUES (003, 9781098125974, 8)
INSERT INTO LagerSaldo VALUES (003, 9781108843607, 1)

INSERT INTO [Förlag] VALUES ('BokFörlaget', 'Bokgatan 1', '070-123 45 67', 9780440218807)
INSERT INTO [Förlag] VALUES ('BokFörlaget', 'Bokgatan 1', '070-123 45 67', 9780552168984)
INSERT INTO [Förlag] VALUES ('BokFörlaget', 'Bokgatan 1', '070-123 45 67', 9780552171069)
INSERT INTO [Förlag] VALUES ('BokFörlaget', 'Bokgatan 1', '070-123 45 67', 9780006174554)
INSERT INTO [Förlag] VALUES ('Bonniers Förlag', 'Sveavägen 56', '08-696 80 00', 9780425191187)
INSERT INTO [Förlag] VALUES ('Bonniers Förlag', 'Sveavägen 56', '08-696 80 00', 9780425240335)
INSERT INTO [Förlag] VALUES ('Bonniers Förlag', 'Sveavägen 56', '08-696 80 00', 9781408727836)
INSERT INTO [Förlag] VALUES ('Bonniers Förlag', 'Sveavägen 56', '08-696 80 00', 9780007448036)
INSERT INTO [Förlag] VALUES ('Lava Förlag', 'Atterbomvägen 44', '08-654 32 10', 9780006479895)
INSERT INTO [Förlag] VALUES ('Lava Förlag', 'Atterbomvägen 44', '08-654 32 10', 9780007447848)
INSERT INTO [Förlag] VALUES ('Lava Förlag', 'Atterbomvägen 44', '08-654 32 10', 9780007447862)
INSERT INTO [Förlag] VALUES ('Lava Förlag', 'Atterbomvägen 44', '08-654 32 10', 9781098125974)
INSERT INTO [Förlag] VALUES ('Lava Förlag', 'Atterbomvägen 44', '08-654 32 10', 9781108843607)

INSERT INTO Genre VALUES (1, 'Romantik')
INSERT INTO Genre VALUES (2, 'Drama')
INSERT INTO Genre VALUES (3, 'Thriller')
INSERT INTO Genre VALUES (4, 'Fantasy')
INSERT INTO Genre VALUES (5, 'Historia')
INSERT INTO Genre VALUES (6, 'Biografi')
INSERT INTO Genre VALUES (7, 'Fiction')
INSERT INTO Genre VALUES (8, 'Horror')
INSERT INTO Genre VALUES (9, 'Poetry')
INSERT INTO Genre VALUES (10, 'Science Fiction')
INSERT INTO Genre VALUES (11, 'Biografi')
INSERT INTO Genre VALUES (12, 'Facklitteratur')

INSERT INTO BokGenre VALUES (9780440218807, 3)
INSERT INTO BokGenre VALUES (9780552168984, 3)
INSERT INTO BokGenre VALUES (9780425191187, 3)
INSERT INTO BokGenre VALUES (9780425240335, 3)
INSERT INTO BokGenre VALUES (9780007448036, 4)
INSERT INTO BokGenre VALUES (9780006479895, 4)
INSERT INTO BokGenre VALUES (9780007447848, 4)
INSERT INTO BokGenre VALUES (9780007447862, 4)
INSERT INTO BokGenre VALUES (9780552168984, 7)
INSERT INTO BokGenre VALUES (9780552171069, 7)
INSERT INTO BokGenre VALUES (9780006174554, 7)
INSERT INTO BokGenre VALUES (9780425191187, 7)
INSERT INTO BokGenre VALUES (9780425240335, 7)
INSERT INTO BokGenre VALUES (9781408727836, 7)
INSERT INTO BokGenre VALUES (9780007448036, 7)
INSERT INTO BokGenre VALUES (9780006479895, 7)
INSERT INTO BokGenre VALUES (9780007447848, 7)
INSERT INTO BokGenre VALUES (9780007447862, 7)
INSERT INTO BokGenre VALUES (9781098125974, 12)
INSERT INTO BokGenre VALUES (9781108843607, 12)

INSERT INTO [Försäljning] VALUES (43838, 003, 9780007447862, 10007, '2022-01-01')
INSERT INTO [Försäljning] VALUES (54934, 001, 9780007447848, 10006, '2020-04-01')
INSERT INTO [Försäljning] VALUES (43985, 003, 9780007448036, 10008, '2022-12-07')
INSERT INTO [Försäljning] VALUES (32456, 002, 9780006479895, 10009, '2021-01-01')
INSERT INTO [Försäljning] VALUES (43435, 002, 9780006174554, 10010, '2024-02-03')
INSERT INTO [Försäljning] VALUES (34343, 001, 9780552171069, 10005, '2021-08-12')
INSERT INTO [Försäljning] VALUES (34356, 003, 9780552168984, 10004, '2023-04-04')
INSERT INTO [Försäljning] VALUES (54656, 003, 9780440218807, 10003, '2021-08-07')
INSERT INTO [Försäljning] VALUES (23235, 002, 9780425240335, 10002, '2021-06-03')
INSERT INTO [Försäljning] VALUES (65654, 001, 9781408727836, 10001, '2021-06-03')
INSERT INTO [Försäljning] VALUES (56553, 002, 9780425191187, 10001, '2021-06-03')
INSERT INTO [Försäljning] VALUES (56535, 003, 9780007448036, 10007, '2022-01-01')
INSERT INTO [Försäljning] VALUES (65656, 002, 9780006479895, 10009, '2021-01-01')
INSERT INTO [Försäljning] VALUES (34545, 002, 9780006174554, 10010, '2024-02-03')
INSERT INTO [Försäljning] VALUES (43434, 001, 9780552171069, 10005, '2021-08-12')
INSERT INTO [Försäljning] VALUES (32323, 003, 9780552168984, 10004, '2023-04-04')
INSERT INTO [Försäljning] VALUES (65656, 003, 9780440218807, 10003, '2021-08-07')
INSERT INTO [Försäljning] VALUES (76754, 002, 9780425240335, 10002, '2021-06-03')
INSERT INTO [Försäljning] VALUES (22354, 001, 9781408727836, 10001, '2021-06-03')
INSERT INTO [Försäljning] VALUES (43454, 002, 9780425191187, 10001, '2021-06-03')

INSERT INTO Kund VALUES (10001, 'John', 'Doe', '123 Main St', 12345, 'City A')
INSERT INTO Kund VALUES (10002, 'Jane', 'Smith', '456 Oak St', 67890, 'City B')
INSERT INTO Kund VALUES (10003, 'Bob', 'Johnson', '789 Maple St', 98765, 'City C')
INSERT INTO Kund VALUES (10004, 'Alice', 'Williams', '321 Pine St', 54321, 'City D')
INSERT INTO Kund VALUES (10005, 'Charlie', 'Brown', '654 Cedar St', 87654, 'City E')
INSERT INTO Kund VALUES (10006, 'David', 'Jones', '987 Birch St', 43210, 'City F')
INSERT INTO Kund VALUES (10007, 'Emily', 'Davis', '111 Walnut St', 11111, 'City G')
INSERT INTO Kund VALUES (10008, 'Frank', 'Miller', '222 Spruce St', 22222, 'City H');
INSERT INTO Kund VALUES (10009, 'Grace', 'Wilson', '333 Oak St', 33333, 'City I');
INSERT INTO Kund VALUES (10010, 'Henry', 'Taylor', '444 Pine St', 44444, 'City J');